"Suc";"Cajero";"Turno";"Promos";"KgClub";"Kg";"ST";"MM";"Cond"
"Fiorito";"Candela";"9823";"0";"27,5";"49,7";"14";"6,6";"Llovizna leve"
"Fiorito";"Ailen";"9825";"14000";"29";"58,2";"15";"0,6";"Mayormente despejado"
"Fiorito";"Veronica";"11774";"0";"9,5";"17,9";"14,4";"4,1";"Llovizna leve"
"Fiorito";"Luana";"11776";"54800";"13,6";"39,4";"15,1";"0,1";"Mayormente despejado"
"Escalada";"Eliseo";"8470";"64560";"3,6";"22";"13,7";"3,4";"Llovizna moderada"
"Escalada";"Silvia";"8471";"0";"13,5";"33";"14,7";"3,2";"Llovizna leve"
"Escalada";"Emiliano";"8472";"33700";"9,2";"34,8";"15";"0,5";"Mayormente despejado"
"Escalada";"Camila";"9993";"0";"2,5";"2,5";"14,4";"1,9";"Chaparrones leves"
"Escalada";"Facundo";"9994";"0";"5,9";"6,4";"14,1";"0,8";"Llovizna leve"
"Lanus Oeste";"Oscar";"13390";"42100";"28,3";"50,5";"14,1";"6,2";"Chaparrones leves"
"Lanus Oeste";"Wanda";"13391";"59760";"22,5";"63,3";"14,6";"1";"Llovizna leve"
"Lanus Oeste";"Fiorella";"13889";"39120,02";"5,7";"17,5";"13,9";"6,5";"Llovizna leve"
"Lanus Oeste";"Agustin";"13891";"63350,01";"8,5";"16,6";"14,8";"0,8";"Mayormente despejado"
