Fecha;Nombre;Tipo;Verificado
2024-01-01;Año Nuevo;Feriado;No
2024-02-12;Carnaval;Feriado;No
2024-02-13;Carnaval;Feriado;No
2024-03-24;Día de la Memoria;Feriado;No
2024-03-28;Jueves Santo;No laborable;No
2024-03-29;Viernes Santo;Feriado;No
2024-04-01;Día no laborable con fines turísticos;Puente;No
2024-04-02;Malvinas;Feriado;No
2024-05-01;Día del Trabajador;Feriado;No
2024-05-25;Revolución de Mayo;Feriado;No
2024-06-17;Paso a la Inmortalidad de Güemes;Feriado;No
2024-06-20;Paso a la Inmortalidad de Belgrano;Feriado;No
2024-06-21;Día no laborable con fines turísticos;Puente;No
2024-07-09;Día de la Independencia;Feriado;No
2024-08-17;Paso a la Inmortalidad de San Martín;Feriado;No
2024-10-11;Día no laborable con fines turísticos;Puente;No
2024-10-12;Día del Respeto a la Diversidad Cultural;Feriado;No
2024-11-18;Día de la Soberanía Nacional (trasladado);Feriado;No
2024-12-08;Inmaculada Concepción;Feriado;No
2024-12-25;Navidad;Feriado;No
2025-01-01;Año Nuevo;Feriado;No
2025-03-03;Carnaval;Feriado;No
2025-03-04;Carnaval;Feriado;No
2025-03-24;Día de la Memoria;Feriado;No
2025-04-02;Malvinas;Feriado;No
2025-04-17;Jueves Santo;No laborable;No
2025-04-18;Viernes Santo;Feriado;No
2025-05-01;Día del Trabajador;Feriado;No
2025-05-02;Día no laborable con fines turísticos;Puente;No
2025-05-25;Revolución de Mayo;Feriado;No
2025-06-16;Paso a la Inmortalidad de Güemes (trasladado);Feriado;No
2025-06-20;Paso a la Inmortalidad de Belgrano;Feriado;No
2025-07-09;Día de la Independencia;Feriado;No
2025-08-15;Día no laborable con fines turísticos;Puente;No
2025-08-17;Paso a la Inmortalidad de San Martín;Feriado;No
2025-10-12;Día del Respeto a la Diversidad Cultural;Feriado;No
2025-11-21;Día no laborable con fines turísticos;Puente;No
2025-11-24;Día de la Soberanía Nacional (trasladado);Feriado;No
2025-12-08;Inmaculada Concepción;Feriado;No
2025-12-25;Navidad;Feriado;No
2026-01-01;Año Nuevo;Feriado;No
2026-02-16;Carnaval;Feriado;No
2026-02-17;Carnaval;Feriado;No
2026-03-23;Día no laborable con fines turísticos;Puente;No
2026-03-24;Día de la Memoria;Feriado;No
2026-04-02;Malvinas / Jueves Santo;Feriado;No
2026-04-03;Viernes Santo;Feriado;No
2026-05-01;Día del Trabajador;Feriado;No
2026-05-25;Revolución de Mayo;Feriado;No
2026-06-15;Paso a la Inmortalidad de Güemes (trasladado);Feriado;No
2026-06-20;Paso a la Inmortalidad de Belgrano;Feriado;No
2026-07-09;Día de la Independencia;Feriado;No
2026-07-10;Día no laborable con fines turísticos;Puente;No
2026-08-17;Paso a la Inmortalidad de San Martín;Feriado;No
2026-10-12;Día del Respeto a la Diversidad Cultural;Feriado;No
2026-11-09;Feriado nacional por la visita del Papa León XIV (DNU 1103/2026);Feriado;Sí (DNU 1103/2026)
2026-11-11;Feriado en la Provincia de Buenos Aires por la visita del Papa León XIV: misa en Luján (DNU 1103/2026);Feriado provincial;Sí (DNU 1103/2026)
2026-11-23;Día de la Soberanía Nacional (trasladado);Feriado;No
2026-12-07;Día no laborable con fines turísticos;Puente;No
2026-12-08;Inmaculada Concepción;Feriado;No
2026-12-25;Navidad;Feriado;No
2027-01-01;Año Nuevo;Feriado;Sí (calendario 2027 publicado)
2027-02-08;Carnaval;Feriado;Sí (calendario 2027 publicado)
2027-02-09;Carnaval;Feriado;Sí (calendario 2027 publicado)
2027-03-24;Día de la Memoria;Feriado;Sí (calendario 2027 publicado)
2027-03-25;Jueves Santo;No laborable;No
2027-03-26;Viernes Santo;Feriado;Sí (calendario 2027 publicado)
2027-04-02;Malvinas;Feriado;Sí (calendario 2027 publicado)
2027-05-01;Día del Trabajador;Feriado;Sí (calendario 2027 publicado)
